frame_number,frame_time_ms,total_steps,rays_hit,rays_missed,min_steps,max_steps
1,25.9788,167973666,2583158,1103242,5,976
2,0.2968,182851711,2369586,1316814,5,926
3,9.5290,193457463,2171810,1514590,3,1065
4,6.6774,200667679,1986848,1699552,7,871
5,6.7545,207328192,1803184,1883216,9,925
6,6.7795,211944675,1616638,2069762,8,910
7,6.9041,218208066,1418414,2267986,7,823
8,6.6382,229900649,1216159,2470241,5,891
9,8.4278,243365537,1006641,2679759,13,963
10,8.4042,257528320,777051,2909349,16,925
11,7.1748,269966803,518045,3168355,24,1099
12,6.7918,274570665,224542,3461858,31,946
13,4.0663,277730498,5898,3680502,104,500
14,3.9942,285261459,0,3686400,161,497
15,4.1912,290870853,0,3686400,161,499
16,4.2802,296166216,0,3686400,161,496
17,3.9616,301130008,0,3686400,160,498
18,4.1079,305684893,0,3686400,161,525
19,4.2606,307576962,0,3686400,161,530
20,4.5208,311350550,0,3686400,161,524
21,4.5139,313887493,0,3686400,161,529
22,4.4694,312421537,0,3686400,160,526
23,4.3543,309783338,0,3686400,161,529
24,4.2441,307308680,0,3686400,160,528
25,4.2411,305551482,0,3686400,161,531
26,4.2519,303546259,0,3686400,161,531
27,4.1892,300846860,0,3686400,161,536
28,4.0375,296052640,0,3686400,161,527
29,10.7881,305476691,258968,3427432,45,1296
30,11.6877,294262226,553280,3133120,20,1179
31,10.5303,278287113,814808,2871592,18,1355
32,9.9740,264933919,1045320,2641080,11,1178
33,9.8603,251747294,1254526,2431874,8,1059
34,10.0095,244150251,1450549,2235851,8,1158
35,9.3047,237097600,1644424,2041976,3,1061
36,9.9713,228446435,1830607,1855793,5,1121
37,8.8980,216955793,2016372,1670028,6,1195
38,8.9813,204141472,2204305,1482095,7,1626
39,8.3498,191093169,2405274,1281126,3,1457
40,8.4698,176579897,2619241,1067159,4,1240
41,8.6235,160685830,2841197,845203,4,1977
42,7.9271,144123387,3093722,592678,4,1247
43,7.8538,128664339,3383279,303121,4,1379
44,7.1025,115893295,3672866,13534,3,1207
45,7.2904,87858797,3683490,2910,2,552
46,3.9171,80487660,3670977,15423,4,552
47,3.8295,74460013,3669503,16897,4,551
48,3.6924,74033344,3674124,12276,4,574
49,3.7029,76238765,3662705,23695,4,2001
50,3.4077,68694626,3663924,22476,3,567
51,3.2901,63585247,3673149,13251,3,552
52,3.4183,64919500,3676779,9621,4,532
53,3.3447,67326596,3671382,15018,4,532
54,3.3446,68000364,3670554,15846,3,527
55,3.4914,74258030,3665763,20637,3,522
56,3.4875,81037903,3667729,18671,2,530
57,4.0956,97023978,3667541,18859,4,792
58,5.6317,113893190,3646779,39621,4,921
59,5.6615,118590101,3324081,362319,5,1040
60,5.6526,125225013,3042987,643413,2,924
61,5.6140,133743127,2781763,904637,4,778
62,7.0730,138559087,2571386,1115014,5,707
63,5.5307,149025875,2363573,1322827,5,781
64,5.1993,160282265,2170576,1515824,4,682
65,5.4695,174955938,1983570,1702830,5,915
66,5.9950,192319199,1808229,1878171,9,759
67,8.8870,212378040,1637847,2048553,5,736
68,6.4199,235538454,1446158,2240242,9,792
69,7.6150,256320176,1238672,2447728,12,856
70,7.5480,271594739,1017963,2668437,15,924
71,7.7843,281619613,781520,2904880,16,1034
72,8.2158,286155555,514674,3171726,21,1012
73,8.8430,281721275,207003,3479397,35,1182
74,4.1090,279965861,0,3686400,149,495
75,4.0909,283318386,0,3686400,160,498
76,4.1320,288016135,0,3686400,161,507
77,4.1502,294420864,0,3686400,160,530
78,4.3645,301551218,0,3686400,161,560
79,5.0839,307214189,0,3686400,160,551
80,4.4791,310697667,0,3686400,161,550
81,4.5151,311363729,0,3686400,161,550
82,4.4828,309623748,0,3686400,160,549
83,4.2244,306474484,0,3686400,161,554
84,4.1168,304042251,0,3686400,160,551
85,5.9248,302761874,0,3686400,161,551
86,4.5359,302411194,0,3686400,161,555
87,4.2647,303102032,271,3686129,101,553
88,9.6569,312072005,155778,3530622,22,1507
89,11.0605,312045891,466385,3220015,21,1516
90,11.5287,307004166,736815,2949585,17,1401
91,10.7155,291451586,972472,2713928,15,1525
92,10.5106,270883238,1190153,2496247,9,1508
93,9.8173,250541432,1391868,2294532,10,1374
94,9.3674,230313548,1584140,2102260,6,1563
95,9.3032,217676666,1772769,1913631,6,1465
96,9.2380,207139873,1958086,1728314,5,1638
97,9.1580,198348121,2145652,1540748,3,1278
98,9.0180,189445322,2338440,1347960,4,1367
99,9.1656,179756327,2542518,1143882,4,1263
100,9.2445,168469389,2764307,922093,5,1526
101,9.1620,157515509,2992390,694010,4,1640
102,9.0033,140662647,3274157,412243,6,1537
103,8.7428,119079291,3613312,73088,3,1736
104,4.3040,95846870,3650641,35759,4,825
105,3.6188,79099961,3659778,26622,4,572
106,3.3750,69211508,3661923,24477,4,575
107,3.3286,72928762,3628942,57458,4,596
108,3.1543,68457934,3647177,39223,3,587
109,2.9650,66749738,3649386,37014,3,561
110,2.8221,58194018,3659127,27273,3,574
111,2.8493,53754970,3660276,26124,2,563
112,2.8676,50851591,3666552,19848,2,580
113,3.0396,53085576,3668772,17628,4,538
114,3.1810,63359384,3652251,34149,3,510
115,3.3870,74016575,3647157,39243,3,584
116,3.5896,84837477,3656967,29433,3,654
117,7.0525,98077785,3673950,12450,3,857
118,6.8881,108458596,3437455,248945,4,737
119,7.4430,117610159,3125391,561009,3,816
120,4.7206,123431598,2875375,811025,4,769
121,5.6037,131986930,2644168,1042232,5,764
122,7.5745,138437878,2436215,1250185,2,875
123,6.7630,146962684,2238665,1447735,5,644
124,7.5679,154185558,2048720,1637680,2,703
125,7.8942,161899786,1865319,1821081,4,711
126,4.8456,175009526,1678185,2008215,5,750
127,6.7031,190855348,1489533,2196867,7,806
128,5.3475,209342163,1283524,2402876,8,902
129,5.5595,232330372,1074573,2611827,9,734
130,6.0706,253039420,854668,2831732,13,699
131,5.7845,265283207,614145,3072255,23,680
132,5.5939,267213502,333262,3353138,27,790
133,4.1192,270217471,28963,3657437,92,497
134,4.0919,275329641,0,3686400,144,495
135,4.1119,280300859,0,3686400,157,494
136,4.0899,285670247,0,3686400,161,498
137,4.1257,291609283,0,3686400,161,515
138,4.3561,298057321,0,3686400,161,546
139,4.4958,304146768,0,3686400,160,572
140,4.5047,307811636,0,3686400,161,571
141,4.3039,305625565,0,3686400,160,582
142,4.3465,302824051,0,3686400,160,583
143,4.2291,299297369,0,3686400,161,574
144,4.5705,295420850,0,3686400,161,574
145,4.0526,293629011,0,3686400,161,579
146,4.1911,294191064,0,3686400,160,578
147,5.9712,296481918,38352,3648048,39,787
148,9.2758,309204910,369482,3316918,28,1700
149,9.7429,307488684,661003,3025397,17,1505
150,9.8350,300732293,909642,2776758,11,1505
151,10.2366,289194154,1133538,2552862,12,1788
152,10.1239,275962782,1340221,2346179,8,1428
153,9.2296,261172311,1525109,2161291,4,1569
154,9.1232,236927266,1705516,1980884,7,1585
155,8.8883,219452551,1891620,1794780,3,1351
156,8.7946,200200704,2078505,1607895,4,1780
157,8.6772,183846113,2266315,1420085,3,1445
158,8.9349,169515197,2468381,1218019,4,1628
159,8.1841,160519913,2678112,1008288,3,1803
160,8.4405,154898065,2910322,776078,2,1531
161,8.6306,147151667,3176655,509745,3,1634
162,8.9723,135146710,3490687,195713,4,1443
163,5.1649,112313815,3682594,3806,3,986
164,3.6902,101131946,3684028,2372,4,632
165,3.5750,99775377,3684577,1823,5,586
166,3.1934,101824793,3686082,318,4,581
167,3.2120,98929327,3686124,276,4,561
168,3.3190,99543037,3686102,298,4,557
169,3.2663,102332029,3686221,179,4,509
170,3.1481,105667629,3686212,188,6,528
171,3.4412,110196716,3686205,195,7,563
172,3.5131,113450241,3686207,193,5,558
173,3.3845,116816151,3686219,181,5,515
174,3.4573,119308328,3685909,491,6,451
175,3.5874,123366819,3685648,752,4,482
176,3.7874,131512405,3685524,876,9,667
177,7.3859,138493806,3563676,122724,5,791
178,4.1452,148013724,3244877,441523,6,753
179,4.2734,157062795,2976470,709930,8,764
180,4.2558,164743889,2737023,949377,7,761
181,6.0571,171394995,2513985,1172415,10,761
182,4.5110,176966335,2308171,1378229,8,737
183,4.2023,181476911,2119338,1567062,8,722
184,4.4418,183620299,1939776,1746624,11,530
185,4.1594,185936461,1757651,1928749,10,536
186,4.1262,189132803,1564536,2121864,8,545
187,4.3384,194128865,1365938,2320462,8,543
188,4.1373,199908032,1161651,2524749,8,530
189,4.2733,206740694,941721,2744679,9,520
190,4.6367,215078526,701472,2984928,11,611
191,4.8344,221655733,430953,3255447,10,542
192,4.9168,238895341,116356,3570044,10,570
193,3.6747,250743914,0,3686400,129,494
194,3.7059,260191618,0,3686400,139,495
195,3.9013,269405088,0,3686400,152,498
196,4.1309,278557614,0,3686400,161,498
197,4.0492,286630715,0,3686400,161,502
198,4.3353,294177053,0,3686400,160,548
199,7.3146,301065959,0,3686400,161,597
200,4.4518,299724941,0,3686400,161,589
201,7.2805,294932308,0,3686400,161,566
202,4.3542,290313707,0,3686400,160,561
203,4.2923,286053360,0,3686400,147,573
204,4.1370,281476318,0,3686400,135,577
205,3.9425,277188117,0,3686400,133,590
206,4.4450,276605301,576,3685824,94,601
207,7.5893,276943529,254758,3431642,9,1344
208,8.0316,276381458,550252,3136148,9,1220
209,9.0207,279900396,808855,2877545,9,1420
210,9.2918,281915937,1038084,2648316,9,1731
211,9.1538,280203167,1250981,2435419,6,1670
212,9.9403,276267934,1448279,2238121,6,1667
213,9.7986,270932234,1639605,2046795,7,1625
214,9.8497,259859191,1832033,1854367,7,1517
215,9.6621,243411741,2022722,1663678,5,1733
216,9.1430,222759467,2214038,1472362,4,1745
217,9.3442,204458818,2405002,1281398,6,1399
218,8.9634,190334455,2603014,1083386,4,1795
219,8.1616,178857857,2835130,851270,5,1679
220,8.1861,170853847,3091090,595310,6,1539
221,8.6504,163189212,3377791,308609,4,1942
222,9.2087,153165912,3685164,1236,4,1834
223,3.9191,144294463,3686154,246,5,537
224,3.6467,134414146,3686246,154,4,551
225,3.4501,122873084,3686233,167,10,430
226,3.4668,115610161,3686225,175,6,459
227,3.3911,109771002,3686254,146,4,497
228,3.2192,102529242,3686226,174,5,505
229,3.1837,91047117,3686173,227,3,561
230,3.0933,93000111,3686175,225,4,604
231,3.0997,95140537,3686211,189,5,518
232,2.9418,96367467,3686234,166,6,476
233,3.1159,97173458,3686200,200,5,526
234,3.2881,98566004,3686171,229,4,527
235,3.2855,100165462,3685843,557,5,383
236,3.5473,96300124,3675901,10499,4,502
237,3.4983,101261651,3363092,323308,3,506
238,3.4296,109031430,3074429,611971,4,515
239,3.5432,118905470,2820857,865543,4,531
240,3.4755,129493893,2597408,1088992,4,524
241,3.5413,138044027,2392795,1293605,5,562
242,3.8459,143560174,2194198,1492202,2,493
243,3.6371,148332219,2000141,1686259,5,501
244,3.6639,152338913,1806600,1879800,4,579
245,3.7611,156136094,1617598,2068802,5,512
246,3.8624,158118202,1428447,2257953,7,476
247,4.0928,161754642,1230080,2456320,7,509
248,4.1565,168418504,1019857,2666543,7,553
249,4.1412,178484100,786617,2899783,9,536
250,4.3757,191915457,527919,3158481,8,511
251,4.7048,207164247,228407,3457993,10,542
252,3.1381,219082039,0,3686400,111,458
253,3.2379,231143055,0,3686400,121,492
254,3.3951,242377544,0,3686400,131,497
255,3.5697,253372018,0,3686400,143,491
256,3.7075,264567472,0,3686400,156,497
257,3.9017,276183685,0,3686400,161,495
258,7.0794,287482296,0,3686400,160,515
259,7.3640,293248040,0,3686400,161,551
260,4.1886,287195742,0,3686400,161,551
261,4.2491,281301246,0,3686400,158,546
262,4.1997,276259293,0,3686400,144,528
263,3.9534,271793157,0,3686400,132,523
264,3.7444,266854809,0,3686400,121,536
265,3.8346,260983295,0,3686400,111,542
266,6.4890,253381641,144694,3541706,9,823
267,6.3465,240239744,459666,3226734,5,907
268,6.1680,230325065,722939,2963461,5,941
269,7.3680,225318303,952385,2734015,5,1721
270,8.2044,222925433,1169197,2517203,5,1171
271,9.9061,222699423,1369399,2317001,6,1909
272,8.9720,219541269,1564028,2122372,2,1768
273,9.5133,211645179,1752734,1933666,5,1810
274,10.1631,200495172,1937340,1749060,4,1869
275,9.3521,184177463,2128662,1557738,2,2001
276,9.1724,164630846,2323081,1363319,3,2001
277,9.6477,142683417,2530672,1155728,3,2001
278,8.8480,120970393,2755354,931046,2,2001
279,8.7653,98794109,3003262,683138,4,1968
280,8.5511,78451385,3277164,409236,3,1852
281,8.0874,63511709,3553502,132898,3,2001
282,2.5707,47059744,3637431,48969,4,1107
283,2.3170,39221716,3629184,57216,2,614
284,2.2837,34057679,3649930,36470,3,608
285,2.0716,33896121,3651133,35267,2,606
286,2.2120,36237853,3636856,49544,2,603
287,2.0065,34674954,3639230,47170,3,606
288,1.9695,32850845,3643726,42674,4,564
289,1.8682,30742513,3657337,29063,4,592
290,2.0065,30513758,3661429,24971,3,618
291,2.1605,32805207,3658133,28267,2,614
292,2.2306,34431491,3657896,28504,3,595
293,2.2286,35841627,3657652,28748,3,616
294,2.4244,40060330,3652704,33696,3,720
295,2.7552,47350750,3659924,26476,3,621
296,3.5990,55080254,3478770,207630,2,701
297,3.5103,66358655,3185427,500973,3,754
298,3.6875,78927480,2919195,767205,3,769
299,3.2576,91355342,2682457,1003943,4,564
300,3.0952,104959553,2467936,1218464,3,624
301,3.3775,118956549,2271127,1415273,3,502
302,3.2816,133471860,2080766,1605634,4,510
303,3.3970,146086707,1894348,1792052,4,505
304,3.7418,156606590,1700462,1985938,6,516
305,3.8658,164563582,1508627,2177773,7,510
306,4.1703,169989030,1312145,2374255,8,484
307,4.1477,174760950,1104794,2581606,10,522
308,4.1096,179291320,880266,2806134,12,479
309,4.4836,185166547,627414,3058986,19,498
310,4.3547,192292429,342531,3343869,25,472
311,4.2939,200471201,15385,3671015,27,458
312,3.0114,207163497,0,3686400,102,439
313,3.2489,216785868,0,3686400,109,435
314,3.4305,227794752,0,3686400,119,483
315,3.4135,239703495,0,3686400,130,499
316,3.9360,251522652,0,3686400,143,495
317,3.8528,263560126,0,3686400,156,489
318,3.9661,276559217,0,3686400,161,492
319,3.8312,271883395,0,3686400,161,491
320,3.8301,266084459,0,3686400,149,493
321,3.8417,261475661,0,3686400,137,490
322,3.8665,257260642,0,3686400,124,492
323,3.7755,254122455,0,3686400,114,486
324,3.5837,250656673,0,3686400,104,489
325,3.7056,245564077,5744,3680656,84,494
326,7.6739,235282306,310168,3376232,27,897
327,7.4620,218796966,602677,3083723,19,853
328,6.7206,206509469,853331,2833069,13,769
329,6.3746,196915846,1083345,2603055,11,895
330,5.6671,189837202,1296835,2389565,7,834
331,7.9892,184443216,1495793,2190607,6,843
332,6.4143,179376406,1690937,1995463,5,769
333,9.8604,174030168,1867767,1818633,4,1412
334,9.9358,168912516,2052073,1634327,4,2001
335,9.7244,159926355,2238576,1447824,5,2001
336,10.2579,146005615,2439369,1247031,3,2001
337,10.0445,129635486,2652371,1034029,4,2001
338,9.8494,109999975,2885275,801125,2,2001
339,10.1269,90762063,3142580,543820,3,2001
340,9.6389,67536541,3447164,239236,3,2001
341,2.6403,40857836,3672728,13672,3,832
342,2.4688,35410035,3666118,20282,3,644
343,2.2202,32402188,3669618,16782,2,607
344,2.2217,32283350,3667518,18882,3,625
345,1.8719,26421883,3685546,854,3,619
346,1.9829,26002265,3685719,681,3,578
347,1.7953,26756062,3685901,499,3,539
348,1.7041,27260080,3685972,428,2,529
349,1.7537,26570336,3685973,427,2,607
350,1.8571,26918943,3685578,822,3,619
351,1.8279,27743613,3685254,1146,3,627
352,1.8793,29114406,3684820,1580,3,637
353,1.9984,30854267,3684497,1903,3,646
354,2.3846,35792931,3684850,1550,4,647
355,7.6336,49700148,3634971,51429,4,1996
356,6.4329,65773198,3302453,383947,4,1586
357,3.5417,78883879,3017910,668490,4,1036
358,3.5524,90367836,2773283,913117,4,723
359,3.4455,102127316,2552411,1133989,4,823
360,3.0431,112948192,2346830,1339570,5,591
361,3.0620,125017870,2153302,1533098,4,528
362,3.2101,139073115,1972485,1713915,4,531
363,3.3033,154358763,1792419,1893981,6,531
364,3.6389,167901253,1608716,2077684,6,536
365,3.5594,179198532,1411360,2275040,7,536
366,4.0665,186635942,1205148,2481252,7,531
367,3.9039,190314389,986503,2699897,8,534
368,4.2807,192682515,749826,2936574,10,532
369,4.1324,195360015,479110,3207290,11,526
370,4.2996,199954379,171592,3514808,13,508
371,2.9101,200672961,0,3686400,109,494
372,2.9242,203787795,0,3686400,104,489
373,3.0814,209708236,0,3686400,99,484
374,3.1326,218378399,0,3686400,105,493
375,3.2854,229403552,0,3686400,113,497
376,3.4609,242104446,0,3686400,124,508
377,3.6461,254827178,0,3686400,138,497
378,3.8371,256532503,0,3686400,143,490
379,3.5710,246012507,0,3686400,133,495
380,3.4538,237789941,0,3686400,123,489
381,3.3959,231988911,0,3686400,113,501
382,3.2421,228270682,0,3686400,105,489
383,3.3972,226386368,0,3686400,96,490
384,3.3890,226237280,0,3686400,88,487
385,5.7240,227815705,134493,3551907,41,692
386,6.3202,217146687,453259,3233141,11,928
387,6.1039,201322541,726535,2959865,10,807
388,6.7891,185574767,971034,2715366,9,763
389,5.1179,173073871,1200318,2486082,7,854
390,7.8100,163466829,1398489,2287911,6,894
391,5.5381,155947833,1590094,2096306,6,939
392,8.9686,149254992,1778317,1908083,5,873
393,6.7339,143960802,1967260,1719140,4,1016
394,6.1976,137699349,2159203,1527197,4,1022
395,6.4600,129681040,2359242,1327158,3,1079
396,7.2565,120181227,2562934,1123466,4,1377
397,9.5859,112701967,2770555,915845,4,2001
398,9.4057,99591160,3015905,670495,3,2001
399,9.1322,82157418,3290711,395689,3,2001
400,9.5692,61719870,3613593,72807,2,2001
401,2.2855,38042323,3680663,5737,2,594
402,2.2694,32666490,3685661,739,2,565
403,2.1632,29710021,3685619,781,2,617
404,2.1167,30617706,3685125,1275,2,586
405,2.1021,29082517,3678694,7706,2,627
406,2.0941,31045756,3671555,14845,2,549
407,1.9687,28510638,3674026,12374,2,525
408,1.8513,25343114,3677821,8579,2,518
409,1.7848,22064063,3685159,1241,2,586
410,1.8726,22234596,3685218,1182,2,680
411,2.0379,24191593,3685142,1258,2,668
412,2.2130,24273549,3684471,1929,2,667
413,2.0044,25077128,3685114,1286,2,682
414,2.0429,28189685,3685368,1032,2,672
415,8.9936,46768122,3542244,144156,1,2001
416,10.0349,66857697,3311891,374509,1,2001
417,9.2955,80041601,3028166,658234,1,2001
418,8.1482,91510656,2787562,898838,1,2001
419,6.3709,101459226,2559893,1126507,1,1117
420,6.9551,111958319,2340736,1345664,1,1007
421,7.1869,122958533,2134522,1551878,1,841
422,3.2175,133807686,1941173,1745227,1,542
423,3.2023,145072002,1759528,1926872,2,546
424,3.5801,158029735,1586826,2099574,2,535
425,4.2427,173913782,1395883,2290517,2,564
426,4.4436,188310209,1183686,2502714,2,540
427,4.1121,198451649,952631,2733769,4,568
428,4.2257,204618639,704571,2981829,4,535
429,4.4130,207089875,425572,3260828,5,573
430,3.1011,206214414,116218,3570182,13,539
431,3.1447,205977720,5661,3680739,24,546
432,3.0088,205216916,0,3686400,107,536
433,3.0537,207664925,0,3686400,102,530
434,3.0897,213036619,0,3686400,99,523
435,3.1694,221415513,0,3686400,97,530
436,3.4025,233007441,0,3686400,104,538
437,3.5527,247733251,0,3686400,115,540
438,3.3201,233830894,0,3686400,110,513
439,3.3493,220661053,0,3686400,105,493
440,3.1285,209940604,0,3686400,99,485
441,3.0050,201586369,0,3686400,93,486
442,2.9529,195739376,0,3686400,86,488
443,2.9713,191500308,0,3686400,78,489
444,3.1114,190542604,13234,3673166,72,491
445,4.2649,193216693,308143,3378257,28,490
446,4.4806,189231183,598221,3088179,16,581
447,4.6834,181195236,853569,2832831,11,603
448,5.1546,168315131,1078818,2607582,8,681
449,5.8070,154860751,1287551,2398849,8,722
450,8.9388,142374682,1482093,2204307,8,895
451,6.7505,131432037,1675469,2010931,5,676
452,8.6749,121804548,1869763,1816637,5,666
453,7.6353,113209625,2059324,1627076,5,727
454,4.9561,105735811,2249428,1436972,3,1052
455,5.6884,98763549,2449885,1236515,4,799
456,4.9235,91075456,2664920,1021480,3,966
457,5.3709,82824623,2898200,788200,2,1069
458,7.3642,71354346,3168826,517574,2,1786
459,7.0120,56623362,3480471,205929,2,1653
460,2.3124,34612673,3683149,3251,3,666
461,2.0772,31607536,3674385,12015,3,658
462,2.1076,30859277,3670322,16078,3,669
463,2.3082,31426620,3659732,26668,3,668
464,1.9346,28393316,3662895,23505,2,678
465,2.0049,28522668,3656397,30003,3,629
466,1.8651,27177195,3658590,27810,2,531
467,1.7178,26850723,3663698,22702,3,524
468,1.8355,27395578,3661650,24750,2,539
469,1.9903,30719201,3650849,35551,2,612
470,2.2390,34667251,3637821,48579,3,679
471,2.1710,33060983,3649584,36816,3,687
472,2.3066,36369652,3648633,37767,3,668
473,2.4398,34949630,3665626,20774,2,669
474,9.2774,41742820,3658392,28008,2,2001
475,9.4535,72021052,3316271,370129,3,2001
476,11.1840,95261019,3025361,661039,3,2001
477,10.0803,115156656,2772448,913952,3,2001
478,10.6069,129390999,2552133,1134267,2,2001
479,9.9862,142646769,2344734,1341666,4,2001
480,10.0735,150553782,2163627,1522773,3,2001
481,8.3471,155921522,1973411,1712989,4,1281
482,3.6853,161636810,1786076,1900324,4,595
483,3.5461,168270785,1598631,2087769,4,586
484,3.7148,176352589,1403290,2283110,7,563
485,3.6126,187254103,1191246,2495154,9,550
486,3.7711,199799076,967727,2718673,11,543
487,3.9375,211713805,716164,2970236,13,542
488,4.5155,221382558,435953,3250447,17,540
489,7.2566,224969583,115105,3571295,39,543
490,3.2547,218218988,0,3686400,93,543
491,3.1257,213013813,0,3686400,102,544
492,3.1503,210225638,0,3686400,101,547
493,3.1208,209990238,0,3686400,91,559
494,3.0433,212181910,0,3686400,92,549
495,3.0960,217639845,0,3686400,89,545
496,3.3131,226262633,0,3686400,88,545
497,3.2457,223827367,0,3686400,86,546
498,3.0482,209351028,0,3686400,82,530
499,2.8369,195517200,0,3686400,80,492
500,2.7656,182527004,0,3686400,76,431
501,2.5143,171318081,0,3686400,72,391
502,2.3969,162523058,0,3686400,68,387
503,2.3244,155830594,0,3686400,63,386
504,3.5340,154385001,122255,3564145,26,567
505,3.5335,150123128,458497,3227903,19,466
506,3.3320,143505716,741734,2944666,13,481
507,3.2896,136566838,977498,2708902,8,464
508,3.2042,128044356,1196923,2489477,6,450
509,3.7746,119985608,1398219,2288181,5,531
510,4.2358,113754868,1590020,2096380,5,653
511,4.1737,106913071,1773226,1913174,5,868
512,7.6898,99542061,1958130,1728270,4,677
513,5.3426,91891981,2147719,1538681,4,657
514,4.6859,85130377,2343837,1342563,2,699
515,5.0012,79886339,2541861,1144539,3,764
516,6.5814,71592531,2776377,910023,2,879
517,4.5325,63271720,3032025,654375,3,909
518,7.7250,53216380,3317418,368982,3,927
519,4.4467,42781874,3638561,47839,3,923
520,2.3233,34094157,3675151,11249,2,701
521,2.4291,33434636,3663025,23375,3,711
522,2.3086,29559665,3668783,17617,2,704
523,2.0975,29366972,3666730,19670,3,698
524,2.1348,30079946,3658715,27685,2,702
525,1.8168,27272390,3665833,20567,3,638
526,1.8099,30069048,3646707,39693,3,561
527,1.7748,27732357,3661075,25325,2,576
528,2.0155,28809286,3659595,26805,3,617
529,2.0930,30125006,3660345,26055,2,686
530,2.0253,30700408,3664271,22129,3,701
531,2.0525,30616202,3670681,15719,3,667
532,2.2844,29790021,3684526,1874,2,702
533,2.5080,36650982,3677798,8602,3,691
534,9.9215,67834557,3440025,246375,3,2001
535,9.7859,92567972,3139189,547211,3,2001
536,9.7396,115322565,2869622,816778,2,2001
537,10.8544,133102991,2647271,1039129,3,2001
538,9.9837,152210833,2433348,1253052,4,2001
539,12.3131,169178220,2234025,1452375,4,2001
540,10.5592,182186970,2049191,1637209,3,2001
541,11.2390,191451906,1863994,1822406,4,2001
542,10.8202,197598080,1674853,2011547,5,2001
543,8.7169,199090591,1480804,2205596,3,1448
544,4.0093,200774851,1282570,2403830,6,686
545,3.9205,205633452,1066318,2620082,8,660
546,3.9549,213226606,833034,2853366,10,639
547,4.0365,223688848,573152,3113248,13,604
548,3.9819,232126037,277141,3409259,29,586
549,3.5780,232768632,15,3686385,80,563
550,3.5038,228857041,0,3686400,88,550
551,3.2962,224089088,0,3686400,96,555
552,3.3734,219073257,0,3686400,87,551
553,3.2196,216593497,0,3686400,81,549
554,3.3298,216455714,0,3686400,79,548
555,3.2911,219073663,0,3686400,77,559
556,3.2975,223945763,0,3686400,76,568
557,3.0792,207313284,0,3686400,74,550
558,2.9858,191668678,0,3686400,70,531
559,2.6796,176922779,0,3686400,64,504
560,2.5495,162987505,0,3686400,60,471
561,2.3470,149462525,0,3686400,55,408
562,2.0919,137403538,0,3686400,52,364
563,1.9608,126875046,0,3686400,48,319
564,2.8461,122125641,277678,3408722,18,401
565,2.9050,113198914,573660,3112740,10,450
566,2.6003,105176754,830538,2855862,8,399
567,2.7082,99093926,1059938,2626462,8,407
568,2.6565,92627690,1270476,2415924,5,417
569,2.4829,86888984,1478396,2208004,5,393
570,2.3265,80644485,1681139,2005261,6,367
571,2.4964,74485055,1874534,1811866,5,337
572,2.4125,70224033,2057105,1629295,4,332
573,2.5027,67357349,2243434,1442966,6,457
574,2.7158,64527335,2440896,1245504,4,590
575,3.4592,61684563,2652589,1033811,4,751
576,3.6519,57415553,2884140,802260,4,781
577,4.2321,52041026,3145900,540500,4,662
578,3.9828,44932459,3450524,235876,3,726
579,2.4451,34015847,3684531,1869,4,626
580,2.2548,30753623,3684666,1734,4,639
581,1.9824,29411649,3685383,1017,4,634
582,1.9702,28723705,3685880,520,4,648
583,1.8151,28321031,3685937,463,3,684
584,1.8487,27194591,3685956,444,3,714
585,1.6845,25743418,3686111,289,3,680
586,1.5426,24249925,3686037,363,3,546
587,1.6696,23707995,3686071,329,3,623
588,1.6781,24058757,3685593,807,2,656
589,1.7512,24268595,3684755,1645,2,654
590,1.7397,24884652,3684926,1474,2,689
591,1.9739,25844463,3685509,891,2,637
592,2.0036,27336551,3684541,1859,2,665
593,9.3246,42259268,3642680,43720,2,2001
594,11.4148,71959875,3305402,380998,2,2001
595,10.9153,101672459,3021274,665126,2,2001
596,10.5325,128180015,2773919,912481,3,1821
597,11.1833,151340180,2547317,1139083,3,2001
598,12.2489,172274985,2338438,1347962,4,2001
599,11.3765,188885462,2142418,1543982,4,1719
600,12.5299,202680820,1950821,1735579,3,2001
601,10.7070,212454821,1763219,1923181,5,2001
602,13.3832,220349834,1569960,2116440,5,2001
603,11.3791,227237572,1372879,2313521,5,2001
604,10.7847,231828909,1168389,2518011,5,2001
605,6.1659,235030254,943842,2742558,7,876
606,4.3592,238410108,698699,2987701,10,745
607,4.3843,244696153,416767,3269633,18,711
608,4.2524,248961452,88270,3598130,72,681
609,3.7599,243640405,0,3686400,74,653
610,3.6401,238004856,0,3686400,80,630
611,3.6007,232848124,0,3686400,84,612
612,3.5933,228615796,0,3686400,73,580
613,3.5238,225051324,0,3686400,64,564
614,3.5721,222857217,0,3686400,61,580
615,3.3096,223061760,0,3686400,61,614
616,3.1260,214278894,0,3686400,59,604
617,3.0588,197496942,0,3686400,59,561
618,2.7066,180651707,0,3686400,58,550
619,2.4633,164755375,0,3686400,55,525
620,2.4388,150295625,0,3686400,52,492
621,2.0916,135898586,0,3686400,47,460
622,2.1134,121597813,0,3686400,42,390
623,2.7094,111858132,114656,3571744,37,338
624,2.6598,101479764,431757,3254643,22,337
625,2.3198,91902909,705579,2980821,9,336
626,2.3436,82800810,946438,2739962,6,328
627,2.3347,76258501,1165823,2520577,5,341
628,2.2985,71561910,1368834,2317566,4,338
629,2.3616,67573823,1563866,2122534,2,332
630,2.0492,63531563,1752388,1934012,3,331
631,2.0349,58129055,1938542,1747858,4,329
632,2.0081,53729102,2123163,1563237,2,302
633,1.9308,49286258,2327396,1359004,2,283
634,2.1806,46500291,2532716,1153684,3,449
635,2.2858,44367311,2755376,931024,2,471
636,2.3082,42086408,3006832,679568,3,483
637,2.4458,41403073,3281382,405018,3,509
638,2.4922,38542119,3590627,95773,3,547
639,2.3461,29871377,3680380,6020,2,566
640,2.1958,25512860,3685133,1267,2,609
641,2.0115,25148687,3673800,12600,2,640
642,2.1412,25228460,3670823,15577,2,665
643,2.0589,21903022,3683065,3335,3,706
644,2.0836,23497150,3675496,10904,3,710
645,2.3091,29939705,3656033,30367,3,701
646,2.3355,30349274,3652078,34322,2,744
647,2.2783,29197692,3655112,31288,3,760
648,1.8216,24499855,3671478,14922,2,755
649,2.1367,24055880,3681816,4584,3,757
650,2.3441,30854271,3666818,19582,3,754
651,2.4704,31950027,3671374,15026,2,750
652,2.5486,39665258,3660390,26010,3,738
653,9.6834,61288213,3473357,213043,2,2001
654,9.3774,87226424,3172948,513452,2,2001
655,9.1295,114243640,2905411,780989,3,2001
656,10.7142,145230581,2657065,1029335,3,2001
657,10.0585,171497512,2430868,1255532,3,2001
658,9.2416,188379497,2235586,1450814,2,2001
659,13.7141,203441117,2041046,1645354,4,2001
660,10.9392,215063350,1857263,1829137,4,2001
661,12.7907,224750269,1670547,2015853,4,2001
662,14.2421,233534841,1477088,2209312,6,1738
663,13.2115,243371415,1267127,2419273,6,2001
664,12.8144,251669966,1051905,2634495,7,2001
665,14.6507,260477535,820977,2865423,10,2001
666,13.3797,267617639,555320,3131080,17,2001
667,4.8635,272901303,249100,3437300,35,790
668,4.0401,271351226,0,3686400,77,798
669,4.0418,260629160,0,3686400,74,760
670,3.6987,250245668,0,3686400,71,726
671,3.6448,241247578,0,3686400,67,691
672,3.8347,233900450,0,3686400,59,653
673,3.6167,228382899,0,3686400,50,629
674,3.4361,224392585,0,3686400,43,609
675,3.6362,221729374,0,3686400,41,629
676,3.3406,209764618,0,3686400,43,597
677,2.9531,193815726,0,3686400,43,572
678,2.6911,176666215,0,3686400,42,571
679,2.4516,159458742,0,3686400,41,571
680,2.2443,143282013,0,3686400,41,529
681,2.0593,127786079,0,3686400,38,484
682,2.0519,112775380,940,3685460,34,443
683,2.3500,101536340,276889,3409511,27,349
684,2.0824,88098934,567783,3118617,16,277
685,2.1377,76871977,820462,2865938,9,275
686,2.0402,68012412,1045886,2640514,7,274
687,2.0216,61252781,1254739,2431661,4,275
688,2.0499,56097986,1452055,2234345,7,275
689,1.8754,51126843,1642284,2044116,4,270
690,1.7470,48370067,1828888,1857512,4,271
691,1.7871,45885310,2017682,1668718,4,270
692,1.7522,43710717,2208670,1477730,4,270
693,1.7420,41897811,2400057,1286343,2,258
694,1.5389,39198159,2612205,1074195,2,191
695,1.8056,39108088,2828368,858032,3,240
696,2.0995,38390935,3078300,608100,3,430
697,2.1318,35656519,3383512,302888,2,463
698,2.0553,32601384,3683124,3276,3,496
699,1.9407,27503831,3678908,7492,3,526
700,2.1677,25895267,3679536,6864,3,563
701,1.9575,26130375,3677464,8936,2,592
702,2.1702,26667676,3672008,14392,2,614
703,2.0921,27276694,3671901,14499,2,654
704,2.0128,25456316,3667606,18794,2,648
705,2.1391,25504078,3670939,15461,2,660
706,1.8916,22064971,3684709,1691,3,722
707,2.1176,22498554,3684995,1405,3,763
708,2.2764,25084572,3682302,4098,2,765
709,2.1890,30162505,3664953,21447,3,745
710,2.2487,32201766,3663558,22842,3,751
711,2.2975,32009269,3682067,4333,2,775
712,12.6629,45443099,3589589,96811,3,2001
713,8.9224,70219450,3267608,418792,3,2001
714,8.8137,98617619,2980259,706141,2,1748
715,9.7022,124335751,2732407,953993,3,1650
716,9.2571,147467822,2519597,1166803,2,2001
717,13.2193,173902356,2315175,1371225,4,1870
718,14.4644,196527534,2135787,1550613,2,1836
719,14.1795,215146806,1944930,1741470,2,1637
720,15.9893,228830374,1758703,1927697,6,1630
721,16.1234,236388996,1571057,2115343,4,1701
722,12.7498,244679478,1362744,2323656,6,2001
723,12.9888,253395387,1152984,2533416,6,1392
724,14.3339,263497893,924653,2761747,6,2001
725,13.6155,274612170,675399,3011001,12,2001
726,13.4888,288189801,389416,3296984,23,2001
727,12.2824,297117666,56882,3629518,87,2001
728,4.4589,288914202,0,3686400,83,812
729,4.2469,275612505,0,3686400,77,814
730,3.9343,260379845,0,3686400,58,825
731,4.0080,246152415,0,3686400,45,783
732,3.7336,233550745,0,3686400,37,735
733,3.6992,223430370,0,3686400,32,688
734,3.7195,215801498,0,3686400,28,646
735,3.5757,212896902,0,3686400,27,633
736,3.4651,205971616,0,3686400,26,623
737,3.0475,193811646,0,3686400,26,593
738,2.8082,177470549,0,3686400,26,578
739,2.5100,158908862,0,3686400,26,584
740,2.3154,140731431,0,3686400,25,574
741,2.0849,123551569,0,3686400,24,550
742,2.2554,110334398,127877,3558523,22,491
743,2.1503,94300383,426336,3260064,13,413
744,2.0154,78281236,689285,2997115,10,287
745,1.7961,66587070,920830,2765570,9,273
746,1.7745,56556066,1133906,2552494,6,299
747,1.6743,48924381,1330697,2355703,5,266
748,1.7303,43061511,1518114,2168286,4,268
749,1.6559,38664817,1704067,1982333,3,278
750,1.5475,35313993,1888702,1797698,3,240
751,1.5679,32965713,2068835,1617565,2,221
752,1.3886,30770438,2257976,1428424,3,221
753,1.3562,28964752,2460253,1226147,4,246
754,1.3556,27762971,2674190,1012210,2,156
755,1.2830,27517667,2907666,778734,2,151
756,1.4221,28246030,3144544,541856,2,181
757,1.7208,27743696,3436005,250395,3,405
758,1.7540,27357492,3682133,4267,3,400
759,1.8150,25569646,3676345,10055,3,473
760,2.1067,28624804,3662461,23939,3,519
761,2.1300,28437902,3664783,21617,2,554
762,2.0653,22808389,3674115,12285,2,591
763,2.1953,22397814,3675539,10861,3,605
764,2.0763,21389717,3684481,1919,3,620
765,1.9596,23693045,3680528,5872,3,642
766,2.2237,27778654,3669114,17286,2,678
767,2.2906,27691181,3653149,33251,3,669
768,2.1430,23941056,3669671,16729,2,728
769,1.9828,24017259,3684945,1455,2,756
770,2.2976,26188046,3675847,10553,3,792
771,2.5416,32868654,3572443,113957,3,833
772,7.7591,53714517,3282108,404292,3,2001
773,9.1334,74547526,3014455,671945,3,2001
774,8.6956,96200712,2775578,910822,3,1973
775,9.1129,121204044,2554642,1131758,3,1990
776,9.3649,144257220,2355421,1330979,2,2001
777,13.3948,163411661,2169770,1516630,2,2001
778,13.5436,180466358,1986293,1700107,3,1830
779,16.2183,197540424,1809381,1877019,2,1546
780,15.5536,212162506,1628613,2057787,4,1867
781,15.8216,220977645,1446229,2240171,4,1654
782,15.9168,232554543,1254697,2431703,6,1806
783,15.0501,248912946,1038627,2647773,8,1772
784,15.2069,263690432,803934,2882466,12,1763
785,14.8538,279415941,531168,3155232,13,1687
786,14.5220,295362237,224009,3462391,46,1877
787,7.2088,296112800,0,3686400,67,847
788,5.7061,283786869,0,3686400,41,845
789,4.3423,266867915,0,3686400,24,845
790,4.0695,249059633,0,3686400,17,847
791,3.9913,230759927,0,3686400,13,840
792,3.4871,212891297,0,3686400,10,833
793,3.4133,198133447,0,3686400,9,766
794,3.3308,194363896,0,3686400,7,718
795,3.6736,201639363,0,3686400,7,721
796,3.4040,200343475,0,3686400,7,706
797,3.3074,192059315,0,3686400,6,684
798,3.0117,179385968,0,3686400,6,653
799,2.6293,162950639,0,3686400,5,631
800,2.3331,143700324,0,3686400,5,589
801,2.6087,124490157,12688,3673712,5,588
802,2.4263,106198587,229708,3456692,4,591
803,1.9847,86421387,413860,3272540,4,509
804,1.7230,64811104,569108,3117292,2,362
805,1.5937,51203527,698137,2988263,2,302
806,1.4482,41784940,799624,2886776,2,298
807,1.4481,34611738,882023,2804377,2,320
808,1.3029,28791783,942686,2743714,2,316
809,1.1798,23461457,982012,2704388,1,292
810,1.1872,18991082,995005,2691395,1,225
811,1.0882,14322783,964106,2722294,1,226
812,0.8236,10809261,903066,2783334,1,172
