timestamp,seed,gen_time,stage_time,copy_time
2025-05-09 22:06:08,1004,558,54,83
2025-05-09 22:06:09,1004,532,40,82
2025-05-09 22:06:10,1004,429,43,82
2025-05-09 22:06:11,1004,414,43,82
2025-05-09 22:06:12,1004,450,50,82
2025-05-09 22:06:13,1004,484,43,82
2025-05-09 22:06:14,1004,453,43,82
2025-05-09 22:06:15,1004,466,50,84
2025-05-09 22:06:16,1004,513,44,82
2025-05-09 22:06:17,1004,531,45,82
2025-05-09 22:06:18,1004,542,51,82
2025-05-09 22:06:19,1004,553,53,82
2025-05-09 22:06:20,1004,492,53,82
2025-05-09 22:06:21,1004,511,45,82
2025-05-09 22:06:22,1004,466,46,82
2025-05-09 22:06:23,1004,462,46,82
2025-05-09 22:06:24,1004,468,48,82
2025-05-09 22:06:25,1004,488,47,82
2025-05-09 22:06:26,1004,476,48,82
2025-05-09 22:06:27,1004,453,47,82
2025-05-09 22:06:28,1004,470,48,82
2025-05-09 22:06:29,1004,487,49,82
2025-05-09 22:06:30,1004,462,48,83
2025-05-09 22:06:31,1004,454,47,83
2025-05-09 22:06:32,1004,488,47,83
2025-05-09 22:06:34,1004,499,48,82
2025-05-09 22:06:35,1004,468,46,82
2025-05-09 22:06:36,1004,465,46,83
2025-05-09 22:06:37,1004,471,41,82
2025-05-09 22:06:38,1004,462,44,82
2025-05-09 22:06:39,1004,453,46,82
2025-05-09 22:06:40,1004,442,46,82
2025-05-09 22:06:41,1004,453,41,82
2025-05-09 22:06:42,1004,472,42,82
2025-05-09 22:06:43,1004,462,43,82
2025-05-09 22:06:43,1004,427,49,82
2025-05-09 22:06:44,1004,461,44,82
2025-05-09 22:06:45,1004,461,44,82
2025-05-09 22:06:46,1004,428,43,82
2025-05-09 22:06:47,1004,426,42,82
2025-05-09 22:06:48,1004,449,41,82
2025-05-09 22:06:49,1004,450,41,82
2025-05-09 22:06:50,1004,425,41,82
2025-05-09 22:06:51,1004,441,45,82
2025-05-09 22:06:52,1004,449,40,82
2025-05-09 22:06:53,1004,462,42,82
2025-05-09 22:06:54,1004,429,40,82
2025-05-09 22:06:55,1004,424,49,82
2025-05-09 22:06:56,1004,462,45,82
2025-05-09 22:06:57,1004,460,43,82
2025-05-09 22:06:58,1004,433,41,82
2025-05-09 22:06:59,1004,428,44,82
2025-05-09 22:07:00,1004,446,44,82
2025-05-09 22:07:01,1004,459,47,82
2025-05-09 22:07:02,1004,438,42,82
2025-05-09 22:07:03,1004,438,45,82
2025-05-09 22:07:04,1004,439,41,82
2025-05-09 22:07:05,1004,476,45,82
2025-05-09 22:07:06,1004,435,42,82
2025-05-09 22:07:07,1004,442,43,82
2025-05-09 22:07:08,1004,456,41,82
2025-05-09 22:07:09,1004,456,46,82
2025-05-09 22:07:10,1004,452,43,82
2025-05-09 22:07:11,1004,449,46,82
2025-05-09 22:07:12,1004,448,44,82
2025-05-09 22:07:13,1004,465,47,82
2025-05-09 22:07:14,1004,426,44,82
2025-05-09 22:07:15,1004,426,43,82
2025-05-09 22:07:16,1004,446,43,82
2025-05-09 22:07:17,1004,459,43,82
2025-05-09 22:07:18,1004,435,44,82
2025-05-09 22:07:18,1004,442,41,82
2025-05-09 22:07:19,1004,446,43,82
2025-05-09 22:07:21,1004,516,44,82
2025-05-09 22:07:22,1004,460,43,82
2025-05-09 22:07:23,1004,451,56,83
2025-05-09 22:07:24,1004,496,46,82
2025-05-09 22:07:25,1004,501,44,82
2025-05-09 22:07:26,1004,461,46,82
2025-05-09 22:07:27,1004,461,41,82
2025-05-09 22:07:28,1004,470,44,82
2025-05-09 22:07:29,1004,477,43,82
2025-05-09 22:07:30,1004,430,41,82
2025-05-09 22:07:31,1004,432,43,82
2025-05-09 22:07:32,1004,447,42,82
2025-05-09 22:07:33,1004,451,42,82
2025-05-09 22:07:33,1004,426,42,82
2025-05-09 22:07:34,1004,430,47,82
2025-05-09 22:07:35,1004,444,46,82
2025-05-09 22:07:36,1004,453,40,82
2025-05-09 22:07:37,1004,443,43,82
2025-05-09 22:07:38,1004,427,43,82
2025-05-09 22:07:39,1004,442,41,82
2025-05-09 22:07:41,1004,493,45,82
2025-05-09 22:07:42,1004,443,41,82
2025-05-09 22:07:42,1004,432,41,82
2025-05-09 22:07:43,1004,444,41,82
2025-05-09 22:07:45,1004,464,43,82
2025-05-09 22:07:46,1004,432,53,82
2025-05-09 22:07:46,1004,436,43,82
2025-05-09 22:07:47,1004,436,45,82
2025-05-09 22:08:48,4394,429,35,83
2025-05-09 22:08:49,4394,463,34,82
2025-05-09 22:08:50,4394,487,36,82
2025-05-09 22:08:51,4394,458,32,82
2025-05-09 22:08:52,4394,400,36,82
2025-05-09 22:08:53,4394,401,34,82
2025-05-09 22:08:54,4394,394,32,82
2025-05-09 22:08:55,4394,424,32,82
2025-05-09 22:08:56,4394,387,31,82
2025-05-09 22:08:57,4394,394,32,82
2025-05-09 22:08:58,4394,379,33,82
2025-05-09 22:08:59,4394,438,35,82
2025-05-09 22:09:00,4394,378,31,82
2025-05-09 22:09:01,4394,395,36,82
2025-05-09 22:09:02,4394,373,31,82
2025-05-09 22:09:03,4394,380,32,82
2025-05-09 22:09:04,4394,386,32,82
2025-05-09 22:09:05,4394,385,32,82
2025-05-09 22:09:06,4394,406,30,82
2025-05-09 22:09:07,4394,382,30,82
2025-05-09 22:09:55,4394,425,34,83
2025-05-09 22:09:56,4394,450,40,82
2025-05-09 22:09:57,4394,407,35,82
2025-05-09 22:09:58,4394,435,38,82
2025-05-09 22:09:59,4394,403,34,82
2025-05-09 22:10:00,4394,386,33,82
2025-05-09 22:10:01,4394,380,30,82
2025-05-09 22:10:02,4394,378,30,82
2025-05-09 22:10:03,4394,369,30,82
2025-05-09 22:10:04,4394,396,30,82
2025-05-09 22:10:05,4394,379,31,82
2025-05-09 22:10:06,4394,380,31,82
2025-05-09 22:10:07,4394,410,36,82
2025-05-09 22:10:08,4394,429,35,82
2025-05-09 22:10:09,4394,413,39,82
2025-05-09 22:10:10,4394,423,31,82
2025-05-09 22:10:11,4394,373,31,82
2025-05-09 22:10:12,4394,387,32,82
2025-05-09 22:10:13,4394,374,31,82
2025-05-09 22:10:14,4394,380,32,82
2025-05-09 22:10:15,4394,385,30,82
2025-05-09 22:10:16,4394,389,30,82
2025-05-09 22:10:17,4394,377,30,82
2025-05-09 22:10:18,4394,416,34,82
2025-05-09 22:10:19,4394,403,34,82
2025-05-09 22:10:20,4394,437,36,82
2025-05-09 22:10:21,4394,422,30,82
2025-05-09 22:10:22,4394,382,30,82
2025-05-09 22:10:23,4394,376,31,82
2025-05-09 22:10:24,4394,388,32,82
2025-05-09 22:10:25,4394,370,32,82
2025-05-09 22:10:26,4394,380,30,82
2025-05-09 22:10:27,4394,377,31,82
2025-05-09 22:10:28,4394,385,30,82
2025-05-09 22:10:29,4394,404,33,82
2025-05-09 22:10:30,4394,421,34,82
2025-05-09 22:10:31,4394,413,35,82
2025-05-09 22:10:32,4394,419,30,82
2025-05-09 22:10:33,4394,369,31,82
2025-05-09 22:10:34,4394,377,31,82
2025-05-09 22:10:35,4394,373,31,82
2025-05-09 22:10:36,4394,378,32,82
2025-05-09 22:10:37,4394,369,32,82
2025-05-09 22:10:38,4394,380,33,82
2025-05-09 22:10:39,4394,384,31,82
2025-05-09 22:10:40,4394,419,32,82
2025-05-09 22:10:41,4394,399,34,82
2025-05-09 22:10:42,4394,448,36,82
2025-05-09 22:10:43,4394,420,31,82
2025-05-09 22:10:44,4394,384,31,82
2025-05-09 22:10:45,4394,369,32,82
2025-05-09 22:10:46,4394,405,34,82
2025-05-09 22:10:47,4394,388,31,82
2025-05-09 22:10:48,4394,408,30,82
2025-05-09 22:10:49,4394,380,31,82
2025-05-09 22:10:50,4394,397,35,82
2025-05-09 22:10:51,4394,418,33,82
2025-05-09 22:10:52,4394,435,34,82
2025-05-09 22:10:53,4394,422,34,82
2025-05-09 22:10:54,4394,430,31,82
2025-05-09 22:10:55,4394,377,32,82
2025-05-09 22:10:56,4394,393,30,82
2025-05-09 22:10:57,4394,379,30,82
2025-05-09 22:10:58,4394,387,32,82
2025-05-09 22:10:59,4394,371,30,82
2025-05-09 22:11:00,4394,386,30,82
2025-05-09 22:11:01,4394,369,37,82
2025-05-09 22:11:02,4394,420,33,82
2025-05-09 22:11:03,4394,409,33,82
2025-05-09 22:11:04,4394,428,37,82
2025-05-09 22:11:05,4394,405,31,82
2025-05-09 22:11:06,4394,389,31,82
2025-05-09 22:11:07,4394,375,31,82
2025-05-09 22:11:08,4394,385,31,82
2025-05-09 22:11:09,4394,373,32,82
2025-05-09 22:11:10,4394,377,39,82
2025-05-09 22:11:11,4394,385,32,82
2025-05-09 22:11:12,4394,387,33,82
2025-05-09 22:11:13,4394,409,33,82
2025-05-09 22:11:14,4394,422,36,82
2025-05-09 22:11:15,4394,455,37,82
2025-05-09 22:13:31,5849,434,42,82
2025-05-09 22:13:32,5849,517,38,82
2025-05-09 22:13:33,5849,410,36,82
2025-05-09 22:13:34,5849,397,39,82
2025-05-09 22:13:35,5849,380,36,82
2025-05-09 22:13:36,5849,404,36,82
2025-05-09 22:13:37,5849,396,36,82
2025-05-09 22:13:38,5849,385,36,82
2025-05-09 22:13:39,5849,380,35,82
2025-05-09 22:13:40,5849,418,35,82
2025-05-09 22:13:41,5849,389,43,82
2025-05-09 22:13:42,5849,390,35,82
2025-05-09 22:13:43,5849,395,37,82
2025-05-09 22:13:44,5849,418,43,82
2025-05-09 22:13:45,5849,407,37,82
2025-05-09 22:13:46,5849,400,36,82
2025-05-09 22:13:47,5849,391,36,82
2025-05-09 22:13:48,5849,404,35,82
2025-05-09 22:13:49,5849,396,39,82
2025-05-09 22:13:50,5849,391,36,82
2025-05-09 22:13:51,5849,385,35,82
2025-05-09 22:13:52,5849,409,35,82
2025-05-09 22:13:53,5849,400,35,82
2025-05-09 22:13:54,5849,399,36,82
2025-05-09 22:13:55,5849,395,35,82
2025-05-09 22:13:56,5849,412,34,82
2025-05-09 22:13:57,5849,396,35,82
2025-05-09 22:13:58,5849,404,39,82
2025-05-09 22:13:59,5849,402,36,82
2025-05-09 22:14:00,5849,417,38,82
2025-05-09 22:14:01,5849,395,36,82
2025-05-09 22:14:02,5849,385,37,82
2025-05-09 22:14:03,5849,391,40,82
2025-05-09 22:14:04,5849,417,35,82
2025-05-09 22:14:05,5849,400,36,82
2025-05-09 22:14:06,5849,391,37,82
2025-05-09 22:14:07,5849,394,36,82
2025-05-09 22:14:08,5849,415,35,82
2025-05-09 22:14:09,5849,395,36,82
2025-05-09 22:14:10,5849,389,35,82
2025-05-09 22:14:11,5849,384,35,82
2025-05-09 22:14:12,5849,411,37,82
2025-05-09 22:14:13,5849,413,37,82
2025-05-09 22:14:14,5849,386,40,82
2025-05-09 22:14:15,5849,406,38,82
2025-05-09 22:14:16,5849,418,40,82
2025-05-09 22:14:17,5849,397,38,82
2025-05-09 22:14:18,5849,389,36,82
2025-05-09 22:14:19,5849,390,37,82
2025-05-09 22:14:20,5849,411,37,82
2025-05-09 22:14:21,5849,397,36,82
2025-05-09 22:14:22,5849,403,37,82
2025-05-09 22:14:23,5849,401,37,82
2025-05-09 22:14:24,5849,412,37,82
2025-05-09 22:14:25,5849,403,36,82
2025-05-09 22:14:26,5849,398,40,82
2025-05-09 22:14:27,5849,405,35,82
2025-05-09 22:14:28,5849,414,34,82
2025-05-09 22:14:29,5849,404,35,82
2025-05-09 22:14:30,5849,392,37,82
2025-05-09 22:14:31,5849,389,38,82
2025-05-09 22:14:32,5849,416,35,82
2025-05-09 22:14:33,5849,403,38,82
2025-05-09 22:14:34,5849,390,36,82
2025-05-09 22:14:35,5849,390,35,82
2025-05-09 22:14:36,5849,421,35,82
2025-05-09 22:14:37,5849,396,35,82
2025-05-09 22:14:38,5849,391,35,82
2025-05-09 22:14:39,5849,389,38,82
2025-05-09 22:14:40,5849,427,40,82
2025-05-09 22:14:41,5849,405,37,82
2025-05-09 22:14:42,5849,397,38,82
2025-05-09 22:14:43,5849,397,35,82
2025-05-09 22:14:44,5849,409,38,82
2025-05-09 22:14:45,5849,395,39,82
2025-05-09 22:14:46,5849,405,37,82
2025-05-09 22:14:47,5849,392,35,82
2025-05-09 22:14:48,5849,411,35,82
2025-05-09 22:14:49,5849,399,36,82
2025-05-09 22:14:50,5849,395,40,82
2025-05-09 22:14:51,5849,393,36,82
2025-05-09 22:14:52,5849,409,35,82
2025-05-09 22:14:53,5849,416,38,82
2025-05-09 22:14:54,5849,412,37,82
2025-05-09 22:14:55,5849,403,37,82
2025-05-09 22:14:56,5849,418,36,82
2025-05-09 22:14:57,5849,397,36,82
2025-05-09 22:14:58,5849,389,37,82
2025-05-09 22:14:59,5849,398,39,82
2025-05-09 22:15:00,5849,418,37,82
2025-05-09 22:15:01,5849,402,37,82
2025-05-09 22:15:02,5849,387,37,82
2025-05-09 22:15:03,5849,392,38,82
2025-05-09 22:15:04,5849,421,37,82
2025-05-09 22:15:05,5849,395,36,82
2025-05-09 22:15:06,5849,389,37,82
2025-05-09 22:15:07,5849,394,36,82
2025-05-09 22:15:08,5849,407,36,82
2025-05-09 22:15:09,5849,412,36,82
2025-05-09 22:15:10,5849,393,35,82
2025-05-09 22:15:11,5849,392,37,82
2025-05-09 22:16:03,2324,488,43,82
2025-05-09 22:16:04,2324,507,38,82
2025-05-09 22:16:05,2324,423,39,82
2025-05-09 22:16:06,2324,419,40,82
2025-05-09 22:16:07,2324,418,43,82
2025-05-09 22:16:08,2324,424,39,82
2025-05-09 22:16:09,2324,411,39,82
2025-05-09 22:16:10,2324,406,41,82
2025-05-09 22:16:11,2324,415,39,82
2025-05-09 22:16:12,2324,429,42,82
2025-05-09 22:16:13,2324,407,39,82
2025-05-09 22:16:14,2324,406,45,82
2025-05-09 22:16:15,2324,418,42,82
2025-05-09 22:16:16,2324,434,41,82
2025-05-09 22:16:17,2324,420,46,82
2025-05-09 22:16:18,2324,434,41,82
2025-05-09 22:16:19,2324,426,39,82
2025-05-09 22:16:20,2324,438,39,82
2025-05-09 22:16:21,2324,428,41,82
2025-05-09 22:16:22,2324,410,39,82
2025-05-09 22:16:23,2324,430,40,82
2025-05-09 22:16:24,2324,434,39,82
2025-05-09 22:16:25,2324,418,41,82
2025-05-09 22:16:26,2324,407,39,82
2025-05-09 22:16:27,2324,429,39,82
2025-05-09 22:16:28,2324,427,41,82
2025-05-09 22:16:29,2324,408,38,82
2025-05-09 22:16:30,2324,419,39,82
2025-05-09 22:16:31,2324,423,39,82
2025-05-09 22:16:32,2324,427,39,82
2025-05-09 22:16:33,2324,412,43,82
2025-05-09 22:16:34,2324,407,40,82
2025-05-09 22:16:35,2324,439,40,82
2025-05-09 22:16:36,2324,445,38,82
2025-05-09 22:16:37,2324,413,41,82
2025-05-09 22:16:38,2324,411,47,82
2025-05-09 22:16:39,2324,427,42,82
2025-05-09 22:16:40,2324,448,40,82
2025-05-09 22:16:41,2324,415,38,82
2025-05-09 22:16:42,2324,407,39,82
2025-05-09 22:16:43,2324,429,39,82
2025-05-09 22:16:44,2324,444,43,82
2025-05-09 22:16:45,2324,419,43,82
2025-05-09 22:16:46,2324,411,39,82
2025-05-09 22:16:47,2324,425,41,82
2025-05-09 22:16:48,2324,435,39,82
2025-05-09 22:16:49,2324,423,39,82
2025-05-09 22:16:50,2324,409,39,82
2025-05-09 22:16:51,2324,427,39,82
2025-05-09 22:16:52,2324,432,40,82
2025-05-09 22:16:53,2324,411,43,82
2025-05-09 22:16:54,2324,423,41,82
2025-05-09 22:16:55,2324,440,39,82
2025-05-09 22:16:56,2324,433,39,82
2025-05-09 22:16:57,2324,416,41,82
2025-05-09 22:16:58,2324,410,42,82
2025-05-09 22:16:59,2324,438,38,82
2025-05-09 22:17:00,2324,437,40,82
2025-05-09 22:17:01,2324,419,39,82
2025-05-09 22:17:02,2324,404,56,82
2025-05-09 22:17:03,2324,499,39,83
2025-05-09 22:17:04,2324,466,40,82
2025-05-09 22:17:05,2324,432,41,82
2025-05-09 22:17:06,2324,419,40,82
2025-05-09 22:17:07,2324,433,38,82
2025-05-09 22:17:08,2324,448,40,82
2025-05-09 22:17:09,2324,429,40,82
2025-05-09 22:17:10,2324,414,40,82
2025-05-09 22:17:11,2324,433,41,82
2025-05-09 22:17:12,2324,436,40,82
2025-05-09 22:17:13,2324,425,43,82
2025-05-09 22:17:14,2324,415,40,82
2025-05-09 22:17:15,2324,437,38,82
2025-05-09 22:17:16,2324,453,40,82
2025-05-09 22:17:17,2324,414,46,82
2025-05-09 22:17:18,2324,428,39,82
2025-05-09 22:17:19,2324,440,39,82
2025-05-09 22:17:20,2324,436,39,82
2025-05-09 22:17:21,2324,421,39,82
2025-05-09 22:17:22,2324,412,44,82
2025-05-09 22:17:23,2324,429,39,82
2025-05-09 22:17:24,2324,450,46,82
2025-05-09 22:17:25,2324,413,41,82
2025-05-09 22:17:26,2324,416,41,82
2025-05-09 22:17:27,2324,434,39,82
2025-05-09 22:17:28,2324,444,44,82
2025-05-09 22:17:29,2324,433,40,82
2025-05-09 22:17:30,2324,409,40,82
2025-05-09 22:17:31,2324,431,42,82
2025-05-09 22:17:32,2324,435,40,82
2025-05-09 22:17:33,2324,418,39,82
2025-05-09 22:17:34,2324,409,41,82
2025-05-09 22:17:35,2324,434,42,82
2025-05-09 22:17:36,2324,438,41,82
2025-05-09 22:17:37,2324,411,38,82
2025-05-09 22:17:38,2324,417,38,82
2025-05-09 22:17:39,2324,431,40,82
2025-05-09 22:17:40,2324,434,40,82
2025-05-09 22:17:41,2324,419,41,82
2025-05-09 22:17:42,2324,423,40,82
2025-05-09 22:17:43,2324,451,40,82
2025-05-09 22:18:31,687,388,38,82
2025-05-09 22:18:32,687,455,45,82
2025-05-09 22:18:33,687,454,41,82
2025-05-09 22:18:34,687,442,40,82
2025-05-09 22:18:35,687,423,34,82
2025-05-09 22:18:35,687,370,32,82
2025-05-09 22:18:36,687,387,35,82
2025-05-09 22:18:37,687,393,34,82
2025-05-09 22:18:38,687,381,34,82
2025-05-09 22:18:39,687,385,33,82
2025-05-09 22:18:40,687,386,34,82
2025-05-09 22:18:42,687,382,39,82
2025-05-09 22:18:43,687,420,41,82
2025-05-09 22:18:44,687,427,39,82
2025-05-09 22:18:45,687,431,39,82
2025-05-09 22:18:46,687,438,34,82
2025-05-09 22:18:47,687,406,34,82
2025-05-09 22:18:48,687,381,34,82
2025-05-09 22:18:49,687,390,33,82
2025-05-09 22:18:50,687,388,33,82
2025-05-09 22:18:51,687,380,32,82
2025-05-09 22:18:52,687,390,33,82
2025-05-09 22:18:53,687,405,34,82
2025-05-09 22:18:54,687,397,37,82
2025-05-09 22:18:55,687,428,37,82
2025-05-09 22:18:56,687,432,38,82
2025-05-09 22:18:57,687,440,33,82
2025-05-09 22:18:58,687,390,35,82
2025-05-09 22:18:59,687,390,33,82
2025-05-09 22:19:00,687,378,34,82
2025-05-09 22:19:01,687,380,37,82
2025-05-09 22:19:02,687,394,33,82
2025-05-09 22:19:03,687,382,32,82
2025-05-09 22:19:04,687,379,34,82
2025-05-09 22:19:05,687,408,36,82
2025-05-09 22:19:06,687,421,41,82
2025-05-09 22:19:07,687,448,38,82
2025-05-09 22:19:08,687,436,34,82
2025-05-09 22:19:09,687,389,33,82
2025-05-09 22:19:10,687,383,32,82
2025-05-09 22:19:11,687,392,34,82
2025-05-09 22:19:12,687,377,32,82
2025-05-09 22:19:13,687,390,35,82
2025-05-09 22:19:14,687,387,35,82
2025-05-09 22:19:15,687,386,33,82
2025-05-09 22:19:16,687,411,38,82
2025-05-09 22:19:17,687,435,39,82
2025-05-09 22:19:18,687,425,37,82
2025-05-09 22:19:19,687,429,33,82
2025-05-09 22:19:20,687,398,39,82
2025-05-09 22:19:21,687,419,34,82
2025-05-09 22:19:22,687,383,34,82
2025-05-09 22:19:23,687,383,33,82
2025-05-09 22:19:24,687,378,34,82
2025-05-09 22:19:25,687,382,35,82
2025-05-09 22:19:26,687,383,34,82
2025-05-09 22:19:27,687,408,37,82
2025-05-09 22:19:28,687,424,37,82
2025-05-09 22:19:29,687,431,37,82
2025-05-09 22:19:30,687,408,34,82
2025-05-09 22:19:31,687,392,33,82
2025-05-09 22:19:32,687,381,32,82
2025-05-09 22:19:33,687,390,33,82
2025-05-09 22:19:34,687,380,32,82
2025-05-09 22:19:35,687,399,33,82
2025-05-09 22:19:36,687,384,33,82
2025-05-09 22:19:37,687,385,33,82
2025-05-09 22:19:38,687,415,38,82
2025-05-09 22:19:39,687,431,40,82
2025-05-09 22:19:40,687,435,37,82
2025-05-09 22:19:41,687,419,34,82
2025-05-09 22:19:42,687,383,33,82
2025-05-09 22:19:43,687,388,32,82
2025-05-09 22:19:44,687,381,33,82
2025-05-09 22:19:45,687,394,33,82
2025-05-09 22:19:46,687,387,34,82
2025-05-09 22:19:47,687,393,33,82
2025-05-09 22:19:48,687,385,33,82
2025-05-09 22:19:49,687,425,39,82
2025-05-09 22:19:50,687,430,36,82
2025-05-09 22:19:51,687,442,39,82
2025-05-09 22:19:52,687,420,36,82
2025-05-09 22:19:53,687,396,33,82
2025-05-09 22:19:54,687,397,36,82
2025-05-09 22:19:55,687,398,35,82
2025-05-09 22:19:56,687,381,34,82
2025-05-09 22:19:57,687,392,35,82
2025-05-09 22:19:58,687,385,35,82
2025-05-09 22:19:59,687,400,33,82
2025-05-09 22:20:00,687,416,36,82
2025-05-09 22:20:01,687,432,39,82
2025-05-09 22:20:02,687,424,38,82
2025-05-09 22:20:03,687,394,35,82
2025-05-09 22:20:04,687,386,33,82
2025-05-09 22:20:05,687,393,32,82
2025-05-09 22:20:06,687,382,33,82
2025-05-09 22:20:07,687,391,33,82
2025-05-09 22:20:08,687,386,36,82
2025-05-09 22:20:09,687,396,33,82
2025-05-09 22:20:10,687,383,33,82
2025-05-09 22:20:11,687,418,37,82
2025-05-09 22:21:08,7895,515,53,83
2025-05-09 22:21:09,7895,520,47,82
2025-05-09 22:21:10,7895,468,41,82
2025-05-09 22:21:11,7895,420,43,82
2025-05-09 22:21:12,7895,414,39,82
2025-05-09 22:21:13,7895,426,41,82
2025-05-09 22:21:14,7895,421,39,82
2025-05-09 22:21:14,7895,407,40,82
2025-05-09 22:21:15,7895,441,39,82
2025-05-09 22:21:16,7895,434,40,82
2025-05-09 22:21:17,7895,415,40,82
2025-05-09 22:21:18,7895,420,45,82
2025-05-09 22:21:19,7895,445,48,82
2025-05-09 22:21:20,7895,482,39,82
2025-05-09 22:21:21,7895,420,40,82
2025-05-09 22:21:22,7895,474,44,83
2025-05-09 22:21:23,7895,555,44,83
2025-05-09 22:21:25,7895,471,47,82
2025-05-09 22:21:26,7895,465,43,82
2025-05-09 22:21:26,7895,428,41,82
2025-05-09 22:21:27,7895,436,39,82
2025-05-09 22:21:28,7895,435,39,82
2025-05-09 22:21:29,7895,437,46,82
2025-05-09 22:21:30,7895,458,42,82
2025-05-09 22:21:31,7895,486,42,82
2025-05-09 22:21:32,7895,467,39,82
2025-05-09 22:21:33,7895,490,39,82
2025-05-09 22:21:34,7895,470,41,82
2025-05-09 22:21:35,7895,472,41,82
2025-05-09 22:21:36,7895,460,40,82
2025-05-09 22:21:37,7895,438,40,82
2025-05-09 22:21:38,7895,456,42,82
2025-05-09 22:21:39,7895,485,41,82
2025-05-09 22:21:40,7895,485,39,82
2025-05-09 22:21:41,7895,450,39,84
2025-05-09 22:21:42,7895,419,38,82
2025-05-09 22:21:43,7895,430,41,82
2025-05-09 22:21:44,7895,447,43,82
2025-05-09 22:21:45,7895,421,40,82
2025-05-09 22:21:46,7895,406,40,82
2025-05-09 22:21:47,7895,426,39,82
2025-05-09 22:21:48,7895,435,43,82
2025-05-09 22:21:49,7895,422,39,82
2025-05-09 22:21:50,7895,405,40,82
2025-05-09 22:21:51,7895,420,39,82
2025-05-09 22:21:52,7895,438,40,82
2025-05-09 22:21:53,7895,428,43,82
2025-05-09 22:21:54,7895,426,38,82
2025-05-09 22:21:55,7895,427,40,82
2025-05-09 22:21:56,7895,430,38,82
2025-05-09 22:21:57,7895,414,38,82
2025-05-09 22:21:58,7895,426,41,82
2025-05-09 22:21:59,7895,429,40,82
2025-05-09 22:22:00,7895,432,40,82
2025-05-09 22:22:01,7895,418,39,82
2025-05-09 22:22:02,7895,428,41,82
2025-05-09 22:22:04,7895,462,39,82
2025-05-09 22:22:04,7895,451,38,82
2025-05-09 22:22:05,7895,420,40,82
2025-05-09 22:22:06,7895,409,41,82
2025-05-09 22:22:08,7895,444,46,82
2025-05-09 22:22:08,7895,444,40,82
2025-05-09 22:22:09,7895,416,39,82
2025-05-09 22:22:10,7895,408,40,82
2025-05-09 22:22:11,7895,427,39,82
2025-05-09 22:22:13,7895,434,42,82
2025-05-09 22:22:13,7895,419,39,82
2025-05-09 22:22:14,7895,410,40,82
2025-05-09 22:22:16,7895,431,39,82
2025-05-09 22:22:17,7895,429,39,82
2025-05-09 22:22:18,7895,425,40,82
2025-05-09 22:22:18,7895,409,38,82
2025-05-09 22:22:20,7895,436,39,82
2025-05-09 22:22:21,7895,448,41,82
2025-05-09 22:22:22,7895,416,40,82
2025-05-09 22:22:23,7895,415,41,82
2025-05-09 22:22:24,7895,431,38,82
2025-05-09 22:22:25,7895,440,39,82
2025-05-09 22:22:26,7895,416,38,82
2025-05-09 22:22:27,7895,410,40,82
2025-05-09 22:22:28,7895,444,39,82
2025-05-09 22:22:29,7895,438,39,82
2025-05-09 22:22:30,7895,419,38,82
2025-05-09 22:22:31,7895,412,39,82
2025-05-09 22:22:32,7895,427,42,82
2025-05-09 22:22:33,7895,445,38,82
2025-05-09 22:22:34,7895,426,40,82
2025-05-09 22:22:35,7895,414,42,82
2025-05-09 22:22:36,7895,434,39,82
2025-05-09 22:22:37,7895,433,42,82
2025-05-09 22:22:38,7895,424,38,82
2025-05-09 22:22:39,7895,425,41,82
2025-05-09 22:22:40,7895,440,39,82
2025-05-09 22:22:41,7895,432,38,82
2025-05-09 22:22:42,7895,420,43,82
2025-05-09 22:22:43,7895,417,39,82
2025-05-09 22:22:44,7895,427,39,82
2025-05-09 22:22:45,7895,437,38,82
2025-05-09 22:22:46,7895,413,38,82
2025-05-09 22:22:47,7895,415,40,82
2025-05-09 22:22:48,7895,454,41,82
2025-05-09 22:23:42,4532,470,40,82
2025-05-09 22:23:43,4532,467,40,82
2025-05-09 22:23:44,4532,445,40,82
2025-05-09 22:23:45,4532,460,39,82
2025-05-09 22:23:46,4532,396,36,82
2025-05-09 22:23:47,4532,403,34,82
2025-05-09 22:23:48,4532,406,35,82
2025-05-09 22:23:49,4532,389,34,82
2025-05-09 22:23:50,4532,384,33,82
2025-05-09 22:23:51,4532,428,34,82
2025-05-09 22:23:52,4532,396,34,82
2025-05-09 22:23:53,4532,410,39,82
2025-05-09 22:23:54,4532,422,39,82
2025-05-09 22:23:55,4532,451,39,82
2025-05-09 22:23:56,4532,438,34,82
2025-05-09 22:23:57,4532,391,34,82
2025-05-09 22:23:58,4532,409,34,82
2025-05-09 22:23:59,4532,400,33,82
2025-05-09 22:24:00,4532,383,38,82
2025-05-09 22:24:01,4532,413,35,82
2025-05-09 22:24:02,4532,396,34,82
2025-05-09 22:24:03,4532,395,34,82
2025-05-09 22:24:04,4532,420,37,82
2025-05-09 22:24:05,4532,427,40,82
2025-05-09 22:24:06,4532,446,44,82
2025-05-09 22:24:07,4532,424,34,82
2025-05-09 22:24:08,4532,386,35,82
2025-05-09 22:24:09,4532,388,36,82
2025-05-09 22:24:10,4532,398,39,82
2025-05-09 22:24:11,4532,409,38,82
2025-05-09 22:24:12,4532,392,36,82
2025-05-09 22:24:13,4532,385,34,82
2025-05-09 22:24:14,4532,394,34,82
2025-05-09 22:24:15,4532,427,37,82
2025-05-09 22:24:16,4532,436,42,82
2025-05-09 22:24:17,4532,441,42,82
2025-05-09 22:24:18,4532,421,35,82
2025-05-09 22:24:19,4532,405,37,82
2025-05-09 22:24:20,4532,398,34,82
2025-05-09 22:24:21,4532,400,35,82
2025-05-09 22:24:22,4532,399,34,82
2025-05-09 22:24:23,4532,399,34,82
2025-05-09 22:24:24,4532,384,34,82
2025-05-09 22:24:25,4532,386,34,82
2025-05-09 22:24:26,4532,435,39,82
2025-05-09 22:24:27,4532,439,38,82
2025-05-09 22:24:28,4532,435,40,82
2025-05-09 22:24:29,4532,406,35,82
2025-05-09 22:24:30,4532,390,38,82
2025-05-09 22:24:31,4532,413,34,82
2025-05-09 22:24:32,4532,421,35,82
2025-05-09 22:24:33,4532,396,44,82
2025-05-09 22:24:34,4532,395,36,82
2025-05-09 22:24:35,4532,393,37,82
2025-05-09 22:24:36,4532,395,34,82
2025-05-09 22:24:37,4532,428,37,82
2025-05-09 22:24:38,4532,433,39,82
2025-05-09 22:24:39,4532,453,41,82
2025-05-09 22:24:40,4532,402,37,82
2025-05-09 22:24:41,4532,398,34,82
2025-05-09 22:24:42,4532,393,34,82
2025-05-09 22:24:43,4532,397,33,82
2025-05-09 22:24:44,4532,385,34,82
2025-05-09 22:24:45,4532,389,36,82
2025-05-09 22:24:46,4532,396,34,82
2025-05-09 22:24:47,4532,395,33,82
2025-05-09 22:24:48,4532,424,38,82
2025-05-09 22:24:49,4532,436,39,82
2025-05-09 22:24:50,4532,450,41,82
2025-05-09 22:24:51,4532,409,34,82
2025-05-09 22:24:52,4532,383,34,82
2025-05-09 22:24:53,4532,387,34,82
2025-05-09 22:24:54,4532,385,34,82
2025-05-09 22:24:55,4532,399,37,82
2025-05-09 22:24:56,4532,388,34,82
2025-05-09 22:24:57,4532,387,37,82
2025-05-09 22:24:58,4532,395,34,82
2025-05-09 22:24:59,4532,431,38,82
2025-05-09 22:25:00,4532,445,39,82
2025-05-09 22:25:01,4532,436,41,82
2025-05-09 22:25:02,4532,391,35,82
2025-05-09 22:25:03,4532,393,37,82
2025-05-09 22:25:04,4532,390,34,82
2025-05-09 22:25:05,4532,397,36,82
2025-05-09 22:25:06,4532,388,34,82
2025-05-09 22:25:07,4532,392,33,82
2025-05-09 22:25:08,4532,387,34,82
2025-05-09 22:25:09,4532,384,35,82
2025-05-09 22:25:10,4532,428,39,82
2025-05-09 22:25:11,4532,450,40,82
2025-05-09 22:25:12,4532,445,41,82
2025-05-09 22:25:13,4532,392,34,82
2025-05-09 22:25:14,4532,388,35,82
2025-05-09 22:25:15,4532,392,33,82
2025-05-09 22:25:16,4532,385,34,82
2025-05-09 22:25:17,4532,392,35,82
2025-05-09 22:25:18,4532,399,34,82
2025-05-09 22:25:19,4532,400,35,82
2025-05-09 22:25:20,4532,394,35,82
2025-05-09 22:25:21,4532,435,39,82
2025-05-09 22:25:22,4532,430,42,82
2025-05-09 22:26:21,9864,440,40,82
2025-05-09 22:26:22,9864,511,42,82
2025-05-09 22:26:23,9864,462,44,82
2025-05-09 22:26:24,9864,458,41,82
2025-05-09 22:26:25,9864,428,49,82
2025-05-09 22:26:26,9864,456,36,82
2025-05-09 22:26:27,9864,390,40,82
2025-05-09 22:26:28,9864,395,37,82
2025-05-09 22:26:29,9864,381,35,82
2025-05-09 22:26:30,9864,424,36,82
2025-05-09 22:26:31,9864,397,35,82
2025-05-09 22:26:32,9864,393,36,82
2025-05-09 22:26:33,9864,383,36,82
2025-05-09 22:26:34,9864,413,43,83
2025-05-09 22:26:35,9864,445,42,82
2025-05-09 22:26:36,9864,437,36,82
2025-05-09 22:26:37,9864,382,37,82
2025-05-09 22:26:38,9864,408,38,82
2025-05-09 22:26:39,9864,397,39,82
2025-05-09 22:26:40,9864,398,37,82
2025-05-09 22:26:41,9864,401,36,82
2025-05-09 22:26:42,9864,404,36,82
2025-05-09 22:26:43,9864,390,37,82
2025-05-09 22:26:44,9864,390,41,82
2025-05-09 22:26:45,9864,437,41,82
2025-05-09 22:26:46,9864,455,37,82
2025-05-09 22:26:47,9864,390,35,82
2025-05-09 22:26:48,9864,387,39,82
2025-05-09 22:26:49,9864,384,40,82
2025-05-09 22:26:50,9864,421,37,82
2025-05-09 22:26:51,9864,401,36,82
2025-05-09 22:26:52,9864,388,36,82
2025-05-09 22:26:53,9864,397,36,82
2025-05-09 22:26:54,9864,407,43,82
2025-05-09 22:26:55,9864,437,41,82
2025-05-09 22:26:56,9864,436,36,82
2025-05-09 22:26:57,9864,386,36,82
2025-05-09 22:26:58,9864,456,39,82
2025-05-09 22:26:59,9864,414,38,82
2025-05-09 22:27:00,9864,401,38,82
2025-05-09 22:27:01,9864,388,37,82
2025-05-09 22:27:02,9864,409,36,82
2025-05-09 22:27:03,9864,398,37,82
2025-05-09 22:27:04,9864,410,41,82
2025-05-09 22:27:05,9864,445,39,82
2025-05-09 22:27:06,9864,457,37,82
2025-05-09 22:27:07,9864,394,36,82
2025-05-09 22:27:08,9864,403,37,82
2025-05-09 22:27:09,9864,408,36,82
2025-05-09 22:27:10,9864,417,37,82
2025-05-09 22:27:11,9864,415,36,82
2025-05-09 22:27:12,9864,393,35,82
2025-05-09 22:27:13,9864,390,40,82
2025-05-09 22:27:14,9864,442,39,82
2025-05-09 22:27:15,9864,437,41,82
2025-05-09 22:27:16,9864,431,35,82
2025-05-09 22:27:17,9864,391,36,82
2025-05-09 22:27:18,9864,418,37,82
2025-05-09 22:27:19,9864,412,36,82
2025-05-09 22:27:20,9864,392,36,82
2025-05-09 22:27:21,9864,394,38,82
2025-05-09 22:27:22,9864,407,36,82
2025-05-09 22:27:23,9864,395,38,82
2025-05-09 22:27:24,9864,421,40,82
2025-05-09 22:27:25,9864,433,40,82
2025-05-09 22:27:26,9864,461,37,82
2025-05-09 22:27:27,9864,402,36,82
2025-05-09 22:27:28,9864,402,39,82
2025-05-09 22:27:29,9864,416,36,82
2025-05-09 22:27:30,9864,417,36,82
2025-05-09 22:27:31,9864,421,37,82
2025-05-09 22:27:32,9864,390,37,82
2025-05-09 22:27:33,9864,394,41,82
2025-05-09 22:27:34,9864,439,39,82
2025-05-09 22:27:35,9864,439,39,82
2025-05-09 22:27:36,9864,442,35,82
2025-05-09 22:27:37,9864,388,35,82
2025-05-09 22:27:38,9864,407,37,82
2025-05-09 22:27:39,9864,400,36,82
2025-05-09 22:27:40,9864,391,37,82
2025-05-09 22:27:41,9864,391,35,82
2025-05-09 22:27:42,9864,413,36,82
2025-05-09 22:27:43,9864,397,37,82
2025-05-09 22:27:44,9864,442,40,82
2025-05-09 22:27:45,9864,430,40,82
2025-05-09 22:27:46,9864,450,36,82
2025-05-09 22:27:47,9864,400,36,82
2025-05-09 22:27:48,9864,395,39,82
2025-05-09 22:27:49,9864,398,39,82
2025-05-09 22:27:50,9864,405,36,82
2025-05-09 22:27:51,9864,409,38,82
2025-05-09 22:27:52,9864,399,36,82
2025-05-09 22:27:53,9864,392,37,82
2025-05-09 22:27:54,9864,447,40,82
2025-05-09 22:27:55,9864,437,41,82
2025-05-09 22:27:56,9864,436,38,82
2025-05-09 22:27:57,9864,395,37,82
2025-05-09 22:27:58,9864,419,37,82
2025-05-09 22:27:59,9864,410,37,82
2025-05-09 22:28:00,9864,391,36,82
2025-05-09 22:28:01,9864,397,36,82
2025-05-09 22:28:44,8996,445,40,83
2025-05-09 22:28:45,8996,514,43,82
2025-05-09 22:28:46,8996,524,53,82
2025-05-09 22:28:47,8996,468,37,82
2025-05-09 22:28:48,8996,390,39,82
2025-05-09 22:28:49,8996,402,36,82
2025-05-09 22:28:49,8996,399,37,82
2025-05-09 22:28:50,8996,395,37,82
2025-05-09 22:28:51,8996,385,38,82
2025-05-09 22:28:52,8996,417,36,82
2025-05-09 22:28:53,8996,396,36,82
2025-05-09 22:28:54,8996,396,36,82
2025-05-09 22:28:55,8996,387,37,82
2025-05-09 22:28:56,8996,451,35,82
2025-05-09 22:28:57,8996,432,40,82
2025-05-09 22:28:58,8996,400,36,82
2025-05-09 22:28:59,8996,391,38,82
2025-05-09 22:29:00,8996,414,38,82
2025-05-09 22:29:01,8996,423,37,83
2025-05-09 22:29:02,8996,422,40,82
2025-05-09 22:29:03,8996,422,38,82
2025-05-09 22:29:04,8996,432,36,83
2025-05-09 22:29:05,8996,417,37,82
2025-05-09 22:29:06,8996,412,37,82
2025-05-09 22:29:08,8996,423,39,83
2025-05-09 22:29:09,8996,443,36,82
2025-05-09 22:29:10,8996,438,37,83
2025-05-09 22:29:11,8996,419,37,82
2025-05-09 22:29:12,8996,413,37,82
2025-05-09 22:29:13,8996,454,38,83
2025-05-09 22:29:14,8996,434,37,82
2025-05-09 22:29:15,8996,414,39,82
2025-05-09 22:29:16,8996,407,37,82
2025-05-09 22:29:17,8996,432,38,82
2025-05-09 22:29:18,8996,431,38,83
2025-05-09 22:29:19,8996,411,36,82
2025-05-09 22:29:20,8996,407,37,82
2025-05-09 22:29:21,8996,430,37,82
2025-05-09 22:29:22,8996,420,37,82
2025-05-09 22:29:23,8996,448,44,82
2025-05-09 22:29:24,8996,423,36,82
2025-05-09 22:29:25,8996,449,36,82
2025-05-09 22:29:26,8996,424,37,82
2025-05-09 22:29:27,8996,428,37,82
2025-05-09 22:29:28,8996,441,43,82
2025-05-09 22:29:29,8996,441,37,82
2025-05-09 22:29:30,8996,432,37,82
2025-05-09 22:29:31,8996,435,39,83
2025-05-09 22:29:32,8996,423,38,83
2025-05-09 22:29:33,8996,469,39,83
2025-05-09 22:29:34,8996,422,39,83
2025-05-09 22:29:35,8996,449,39,83
2025-05-09 22:29:36,8996,413,40,83
2025-05-09 22:29:37,8996,444,38,83
2025-05-09 22:29:38,8996,463,39,83
2025-05-09 22:29:39,8996,415,37,82
2025-05-09 22:29:40,8996,411,37,83
2025-05-09 22:29:41,8996,448,37,82
2025-05-09 22:29:42,8996,421,37,82
2025-05-09 22:29:43,8996,430,42,82
2025-05-09 22:29:44,8996,417,38,82
2025-05-09 22:29:45,8996,449,37,83
2025-05-09 22:29:46,8996,425,37,82
2025-05-09 22:29:47,8996,422,38,82
2025-05-09 22:29:48,8996,457,41,82
2025-05-09 22:29:49,8996,431,37,82
2025-05-09 22:29:50,8996,424,36,82
2025-05-09 22:29:51,8996,412,39,82
2025-05-09 22:29:52,8996,410,37,83
2025-05-09 22:29:53,8996,469,41,83
2025-05-09 22:29:54,8996,425,37,83
2025-05-09 22:29:55,8996,418,39,83
2025-05-09 22:29:56,8996,428,38,83
2025-05-09 22:29:57,8996,440,39,83
2025-05-09 22:29:58,8996,450,42,83
2025-05-09 22:29:59,8996,417,38,83
2025-05-09 22:30:00,8996,416,38,83
2025-05-09 22:30:01,8996,450,39,83
2025-05-09 22:30:02,8996,438,38,82
2025-05-09 22:30:03,8996,440,39,83
2025-05-09 22:30:04,8996,427,38,83
2025-05-09 22:30:05,8996,447,37,83
2025-05-09 22:30:06,8996,433,38,83
2025-05-09 22:30:07,8996,415,36,82
2025-05-09 22:30:08,8996,411,40,82
2025-05-09 22:30:09,8996,421,36,82
2025-05-09 22:30:10,8996,400,36,82
2025-05-09 22:30:11,8996,394,36,82
2025-05-09 22:30:12,8996,390,36,82
2025-05-09 22:30:13,8996,411,37,82
2025-05-09 22:30:14,8996,413,36,82
2025-05-09 22:30:15,8996,388,36,82
2025-05-09 22:30:16,8996,390,36,82
2025-05-09 22:30:17,8996,412,36,82
2025-05-09 22:30:18,8996,396,40,82
2025-05-09 22:30:19,8996,402,45,82
2025-05-09 22:30:20,8996,408,37,82
2025-05-09 22:30:21,8996,410,36,82
2025-05-09 22:30:22,8996,402,36,82
2025-05-09 22:30:23,8996,391,38,82
2025-05-09 22:30:24,8996,410,37,82
2025-05-09 22:32:45,1330,380,46,82
2025-05-09 22:32:46,1330,463,41,82
2025-05-09 22:32:47,1330,443,41,82
2025-05-09 22:32:48,1330,459,41,82
2025-05-09 22:32:49,1330,424,34,82
2025-05-09 22:32:50,1330,379,33,82
2025-05-09 22:32:51,1330,402,34,82
2025-05-09 22:32:52,1330,386,34,82
2025-05-09 22:32:53,1330,374,34,82
2025-05-09 22:32:54,1330,382,35,82
2025-05-09 22:32:55,1330,385,35,82
2025-05-09 22:32:56,1330,400,36,82
2025-05-09 22:32:57,1330,433,38,82
2025-05-09 22:32:58,1330,429,38,82
2025-05-09 22:32:59,1330,463,33,82
2025-05-09 22:33:00,1330,393,33,82
2025-05-09 22:33:01,1330,394,36,82
2025-05-09 22:33:02,1330,387,35,82
2025-05-09 22:33:03,1330,390,35,82
2025-05-09 22:33:04,1330,388,34,82
2025-05-09 22:33:05,1330,379,37,82
2025-05-09 22:33:06,1330,399,39,82
2025-05-09 22:33:07,1330,427,38,82
2025-05-09 22:33:08,1330,450,42,82
2025-05-09 22:33:09,1330,454,39,82
2025-05-09 22:33:10,1330,501,35,83
2025-05-09 22:33:11,1330,427,37,83
2025-05-09 22:33:12,1330,421,39,82
2025-05-09 22:33:13,1330,396,34,82
2025-05-09 22:33:14,1330,405,37,82
2025-05-09 22:33:15,1330,399,35,82
2025-05-09 22:33:16,1330,407,38,82
2025-05-09 22:33:17,1330,397,36,82
2025-05-09 22:33:18,1330,431,40,82
2025-05-09 22:33:19,1330,432,39,82
2025-05-09 22:33:20,1330,449,34,82
2025-05-09 22:33:21,1330,389,37,82
2025-05-09 22:33:22,1330,394,34,82
2025-05-09 22:33:23,1330,398,35,82
2025-05-09 22:33:24,1330,412,39,82
2025-05-09 22:33:25,1330,426,41,82
2025-05-09 22:33:26,1330,456,41,82
2025-05-09 22:33:27,1330,404,33,82
2025-05-09 22:33:28,1330,395,42,82
2025-05-09 22:33:29,1330,425,42,82
2025-05-09 22:33:30,1330,449,42,82
2025-05-09 22:33:31,1330,405,40,82
2025-05-09 22:33:32,1330,458,40,82
2025-05-09 22:33:33,1330,442,42,82
2025-05-09 22:33:34,1330,425,37,82
2025-05-09 22:33:35,1330,430,40,82
2025-05-09 22:33:36,1330,440,40,82
2025-05-09 22:33:37,1330,403,35,82
2025-05-09 22:33:38,1330,401,35,82
2025-05-09 22:33:39,1330,398,34,82
2025-05-09 22:33:40,1330,387,34,82
2025-05-09 22:33:41,1330,386,34,82
2025-05-09 22:33:42,1330,392,37,82
2025-05-09 22:33:43,1330,413,35,82
2025-05-09 22:33:44,1330,393,34,82
2025-05-09 22:33:45,1330,385,39,82
2025-05-09 22:33:46,1330,383,34,82
2025-05-09 22:33:47,1330,402,38,82
2025-05-09 22:33:48,1330,405,36,82
2025-05-09 22:33:49,1330,391,34,82
2025-05-09 22:33:50,1330,381,36,82
2025-05-09 22:33:51,1330,396,34,82
2025-05-09 22:33:52,1330,392,35,82
2025-05-09 22:33:53,1330,399,34,82
2025-05-09 22:33:54,1330,385,33,82
2025-05-09 22:33:55,1330,393,35,82
2025-05-09 22:33:56,1330,384,34,82
2025-05-09 22:33:57,1330,388,41,82
2025-05-09 22:33:58,1330,402,34,82
2025-05-09 22:33:59,1330,397,34,82
2025-05-09 22:34:00,1330,397,36,82
2025-05-09 22:34:01,1330,384,38,82
2025-05-09 22:34:02,1330,406,38,82
2025-05-09 22:34:03,1330,421,37,82
2025-05-09 22:34:04,1330,400,37,82
2025-05-09 22:34:05,1330,388,35,82
2025-05-09 22:34:06,1330,386,34,82
2025-05-09 22:34:07,1330,394,35,82
2025-05-09 22:34:08,1330,410,37,82
2025-05-09 22:34:09,1330,383,35,82
2025-05-09 22:34:10,1330,383,34,82
2025-05-09 22:34:11,1330,392,37,82
2025-05-09 22:34:12,1330,390,40,82
2025-05-09 22:34:13,1330,412,34,82
2025-05-09 22:34:14,1330,388,34,82
2025-05-09 22:34:15,1330,402,35,82
2025-05-09 22:34:16,1330,388,35,82
2025-05-09 22:34:17,1330,384,38,82
2025-05-09 22:34:18,1330,398,41,82
2025-05-09 22:34:19,1330,392,35,82
2025-05-09 22:34:20,1330,390,35,82
2025-05-09 22:34:21,1330,385,40,82
2025-05-09 22:34:22,1330,387,36,82
2025-05-09 22:34:23,1330,440,38,83
2025-05-09 22:34:24,1330,422,37,83
2025-05-09 22:34:25,1330,410,35,83
